Name;Triplet;Percent
Alanine;GCA;2.028
Alanine;GCC;2.551
Alanine;GCG;3.366
Alanine;GCT;1.534
Arginine;AGA;0.205
Arginine;AGG;0.122
Arginine;CGA;0.353
Arginine;CGC;2.202
Arginine;CGG;0.538
Arginine;CGT;2.102
Asparagine;AAC;2.167
Asparagine;AAT;1.762
Aspartate;GAC;1.905
Aspartate;GAT;3.222
Cysteine;TGC;0.644
Cysteine;TGT;0.518
Glutamate;GAA;3.958
Glutamate;GAG;1.779
Glutamine;CAA;1.545
Glutamine;CAG;2.884
Glycine;GGA;0.792
Glycine;GGC;2.944
Glycine;GGG;1.099
Glycine;GGT;2.485
Histadine;CAC;0.972
Histadine;CAT;1.29
Isoleucine;ATA;0.428
Isoleucine;ATC;2.5
Isoleucine;ATT;3.04
Leucine;CTA;0.385
Leucine;CTC;1.104
Leucine;CTG;5.282
Leucine;CTT;1.104
Leucine;TTA;1.389
Leucine;TTG;1.372
Lysine;AAA;3.362
Lysine;AAG;1.021
Methionine;ATG;2.777
Phenylalanine;TTC;1.659
Phenylalanine;TTT;2.24
Proline;CCA;0.852
Proline;CCC;0.552
Proline;CCG;2.327
Proline;CCT;0.704
Serine;AGC;1.603
Serine;AGT;0.871
Serine;TCA;0.713
Serine;TCC;0.859
Serine;TCG;0.892
Serine;TCT;0.85
Stop;TAA;0.202
Stop;TAG;0.023
Stop;TGA;0.09
Threonine;ACA;0.702
Threonine;ACC;2.338
Threonine;ACG;1.437
Threonine;ACT;0.892
Tryptophan;TGG;1.531
Tyrosine;TAC;1.227
Tyrosine;TAT;1.632
Valine;GTA;1.088
Valine;GTC;1.522
Valine;GTG;2.625
Valine;GTT;1.838
