Sequence_name	strand	TSS	p-value	-35box	spacer	-10box
WT_FullSeq	+1	2522	0.000000	TTGACT	CCGGTGTGAGCCGCCTG	TACAGT
WT_FullSeq	+1	2637	0.000001	TTGACT	CATATGTATGTTAAATC	TAAACT
WT_FullSeq	+1	4455	0.000001	TTGACT	CCAGCCACGCCCAGCTC	TATTCT
WT_FullSeq	+1	1740	0.000002	TTGACT	TGCGGAGCGATGTCGAT	TAGAAT
WT_FullSeq	+1	4927	0.000003	TTGACA	TGTCAAATGAACCCTGG	TAGAAT
WT_FullSeq	+1	1330	0.000004	TTGACC	GGCGTATGAAATTAAGC	TATTGT
WT_FullSeq	+1	102	0.000006	TTGAAT	GGGTCATCTGCAATTGA	TACAGT
WT_FullSeq	+1	4282	0.000006	TTGAGT	TTAAAACGCCGCAAACT	TACAGT
WT_FullSeq	+1	3807	0.000007	TTGACT	AGGCTTGCTTATCGGCC	TACCGT
WT_FullSeq	+1	5468	0.000007	TTGACT	AATACGAGGAGGGGTAC	TAAGCT
WT_FullSeq	+1	913	0.000008	TTGACC	GGGTGTTCTCGGGCGAG	TAGGGT
WT_FullSeq	+1	3374	0.000009	TTGACT	CGGCGACTGGTCATTTC	TAGCGT
WT_FullSeq	+1	3017	0.000010	TTGACC	ACCAAAACCGCATATTA	TATGCT
WT_FullSeq	+1	3136	0.000010	TTGACA	TTGTGCGCACAGCCAGA	TAAGCT
WT_FullSeq	+1	4103	0.000010	TTGACT	AAGAGACCACGGGATAC	TATGCT
WT_FullSeq	+1	3623	0.000013	TTGATT	GACATATACAAGTTGGC	TACTGT
WT_FullSeq	+1	3566	0.000015	TTGACC	ACACGTCTCGGGTTAAC	TAAAAT
WT_FullSeq	+1	5042	0.000015	TTGACG	GCCCATTGATCCTGCATT	TACGCT
WT_FullSeq	+1	1922	0.000019	TTGACT	ACGTGTTTCCCATGCTG	TAAGAT
WT_FullSeq	+1	669	0.000024	TTGAGC	GAAATAACCGTCTAAAC	TAATAT
WT_FullSeq	+1	3261	0.000024	TTGAGT	CTGGCGCCCTACTCGGA	TACATT
WT_FullSeq	+1	1213	0.000028	TTGACA	TATGGAGAGTCTTCTGG	TATGGT
WT_FullSeq	+1	3080	0.000034	TTGACT	TGGCACATATGTGGGCC	TATCGT
WT_FullSeq	+1	4869	0.000034	TTGAGC	CTTTACATTCCTACAAA	TAAAAT
WT_FullSeq	+1	161	0.000039	TTGACA	CGTTCCCTGTGTTGGAA	TATGAT
WT_FullSeq	+1	495	0.000044	TTGAAC	GCCAGTACAGATCTGTG	TACAGT
WT_FullSeq	+1	2165	0.000047	TTGATC	CAACTATGGTGTCTCGG	TATACT
WT_FullSeq	+1	2288	0.000054	TTGAAC	TGAGGCCTGTTGCACTT	TAGGGT
WT_FullSeq	+1	1801	0.000057	TTGACA	GGACGCGTGAGCAGAAC	TAGATT
WT_FullSeq	+1	2755	0.000058	TTGACA	AAGGGCCATAAATCCAG	TAACCT
WT_FullSeq	+1	3984	0.000060	TTGATC	GAACACACAGCATCCCT	TAATCT
WT_FullSeq	+1	1154	0.000065	TTGATT	GACAACAGTTCGGAATT	TAGTGT
WT_FullSeq	+1	5352	0.000071	TTGAGC	TTACTACGCGACTGACG	TATCCT
WT_FullSeq	+1	4633	0.000080	TTGAAC	AGTGCCTTAAGGGTATG	TACGGT
WT_FullSeq	+1	729	0.000081	TTGACG	CTCCACACATTATATTC	TACTCT
WT_FullSeq	+1	217	0.000082	TTGACG	TTTATGGATTTACACCC	TACGGT
WT_FullSeq	+1	1093	0.000083	TTGAAT	GGAGGAACGTGCCACCA	TAACCT
WT_FullSeq	+1	4342	0.000092	TTGACG	ATAAAGACAGGCGGTGG	TAGGCT
WT_FullSeq	+1	2344	0.000094	TTGACC	CCAAGGCGGTTAGCCCT	TATCTT
WT_FullSeq	+1	4218	0.000094	TTGACC	GTGAAGCCTCTATGCGG	TATCTT
WT_FullSeq	+1	4512	0.000099	TTGAAC	ACGTGTTACGCCTCGTT	TATGAT
WT_FullSeq	+1	4694	0.000101	TTGAAC	TAATGCGGTTACCTGAA	TAGCAT
WT_FullSeq	+1	5582	0.000108	TTGACG	TAGCACCGGCCCGCCCC	TATGAT
WT_FullSeq	+1	5284	0.000114	TTGAGG	CATGCGAGCCGTATGTA	TATTAT
WT_FullSeq	+1	3745	0.000122	TTGAAA	GTGAAAGGTGGATTTAT	TATGAT
WT_FullSeq	+1	44	0.000123	TTGACC	CGAAGCGAGTTGGGAAT	TAGTTT
WT_FullSeq	+1	400	0.000129	TTGATT	GGGCTTTACCTGGCGTG	TAGAAT
WT_FullSeq	+1	5525	0.000132	TTGAAG	TGTACGGGAAAAATAAG	TACGAT
WT_FullSeq	+1	795	0.000147	TTGAGA	ACTTTGCCCTTTGAGCC	TACTAT
WT_FullSeq	+1	1566	0.000152	TTGATT	CGGCCCAATCAAGGCAA	TATATT
WT_FullSeq	+1	4995	0.000174	TTGAAT	ATTACTCCAGGTCGTAC	TACGTT
WT_FullSeq	+1	1915	0.000176	TTGCCC	ATTGACTACGTGTTTCC	CATGCT
WT_FullSeq	+1	335	0.000179	TTGACG	TCCGTGGAGTCTCTAGC	TAACCT
WT_FullSeq	+1	3442	0.000182	TTGAGC	CGACGGCAAGCGATAAA	TAGATT
WT_FullSeq	+1	2581	0.000189	TTGAGG	TTATCTGGGCCCAATAG	TACTGT
WT_FullSeq	+1	971	0.000198	TTGAGG	AACGGTGGACTCTGTGA	TACCAT
WT_FullSeq	+1	4798	0.000199	GTGACC	TAGGAGCCCATTGATGCG	TAGACT
WT_FullSeq	+1	5412	0.000203	TTGACG	TGGAGAGTTACTCTGCA	TAAGGT
WT_FullSeq	+1	1446	0.000218	TTGAGC	AGTGTAATGATAATCAC	TAACTT
WT_FullSeq	+1	1388	0.000226	TTGAAT	ATCCAGCGGTCCTTTCA	TACTTT
WT_FullSeq	+1	2697	0.000226	TTGAAT	GAGTGCGGACCAGACGG	TACTTT
WT_FullSeq	+1	1623	0.000232	TTGATA	AAGCGTCCTCCATGTTT	TAGAGT
WT_FullSeq	+1	1682	0.000272	TTGAGT	GAAGCATGCAGCTTTCT	TAAGGT
WT_FullSeq	+1	2959	0.000273	TTGAAG	CTCCCCCGCGCCTCGTC	TACACT
WT_FullSeq	+1	3686	0.000293	TTGAAT	ATTCCTTATCCGAGTGG	TAGCTT
WT_FullSeq	+1	4046	0.000323	TTGAAG	CCATTAGATACCTCCTT	TACCAT
WT_FullSeq	+1	4751	0.000325	TTGAAC	TGGTGGATTAGTTTGTG	TACCGT
WT_FullSeq	+1	2460	0.000357	TTGATA	GTAACAATCATTTAGAC	TAGGAT
WT_FullSeq	+1	3318	0.000366	TTGATT	ACACGCCCTCACGTAAC	TAACCT
WT_FullSeq	+1	5052	0.000421	TTGATC	CTGCATTTACGCTTGAT	TAGAGT
WT_FullSeq	+1	3925	0.000422	TTGACG	AATCCGGCAGCCGCTAG	TATCTT
WT_FullSeq	+1	5227	0.000454	TTGAGT	AACTATCCACCTAGAGT	TAAGTT
WT_FullSeq	+1	1272	0.000457	TTGATT	TCGCACCGGGTCGATGG	TAACAT
WT_FullSeq	+1	2223	0.000461	TTGATA	GCGATCCACGTTCGTTG	TACGCT
WT_FullSeq	+1	2088	0.000488	TTGACA	CTTCGTGGCCCATTGAG	TGGGAT
WT_FullSeq	+1	2400	0.000522	TTGATA	TATGTTTGTAGCGCGCG	TACGGT
WT_FullSeq	+1	2898	0.000534	TTGAAG	CAATTGTGCCATGTCCC	TAAACT
WT_FullSeq	+1	3867	0.000536	TTGACA	ATATTAGCGATTTCTTT	TACCCT
WT_FullSeq	+1	4570	0.000536	TTGACA	GGGAATACTGGTCCCGC	TACCCT
WT_FullSeq	+1	424	0.000561	TAGAAT	TGCACGATGGGCGATGAG	TAATCT
WT_FullSeq	+1	2106	0.000592	TTGAGT	GGGATGCACCACAATCG	TAACTT
WT_FullSeq	+1	1506	0.000641	TTGAAC	CACTAGTCATGCAGGCT	TACCTT
WT_FullSeq	+1	2983	0.000725	TACACT	TGCACGATGTGTCTGTAT	TAGGAT
WT_FullSeq	+1	3196	0.000726	TTGAAA	CATGTCGGACTTCTACA	TACCAT
WT_FullSeq	+1	1647	0.000813	TAGAGT	TGCACGATGCTGATTTTC	TAATGT
WT_FullSeq	+1	5702	0.000873	TTGAGG	GGGATAAAGCCTATTCA	TAGCGT
WT_FullSeq	+1	2475	0.000903	TTTAGA	CTAGGATTGCACGATG	CATGCT
WT_FullSeq	+1	5643	0.000924	TTGAAG	TTGCCGAATCGTGATTG	TAACGT
WT_FullSeq	+1	2187	0.000959	TATACT	TGCACGATGAAGATTC	AATAAT
WT_FullSeq	+1	4556	0.000969	TTTAAA	AGGCCCATTGACAGGG	AATACT
WT_FullSeq	+1	1966	0.000986	TCTAAA	AGCCCATTGATGCAAG	TATAAT
WT_FullSeq	+1	3398	0.001145	TAGCGT	TGCACGATGATTAGCCAC	TAATAT
WT_FullSeq	+1	2042	0.001161	TTGAAG	GTTCCAAAGAAAAATAA	TATTTT
WT_FullSeq	+1	1030	0.001301	TTGATG	GAGAATGTCAGAAGGAG	TAGTGT
WT_FullSeq	+1	3888	0.001401	TTTACC	CTTGCACGATGCACGAA	TACTAA
WT_FullSeq	+1	2843	0.001459	TTGCAC	GATGGGTCGCTATTAACC	TCGTGT
WT_FullSeq	+1	722	0.001488	GTGCCC	ATTGACGCTCCACACAT	TATATT
WT_FullSeq	+1	853	0.001537	TTGAAA	ACAAGTTCTTGGTGTTC	TACTGT
WT_FullSeq	+1	1979	0.001588	TTGATG	CAAGTATAATTATGAGA	TATCGT
WT_FullSeq	+1	3506	0.001609	TTGATG	AAATCATATCAGGGCGT	TATATT
WT_FullSeq	+1	5112	0.001650	TTGATG	TGCTAGTCGAGTAGGGA	TAAGAT
WT_FullSeq	+1	4951	0.001695	TAGAAT	TGCACGATGCATTTGCGT	TAACCT
WT_FullSeq	+1	3849	0.001758	TGGTCT	GACGCTCGCCCATTGAC	AATATT
WT_FullSeq	+1	4398	0.001792	TTGAAA	CGCACTGCTAATAAACA	TACTCT
WT_FullSeq	+1	3041	0.001876	ATGCTT	GCACGATGGATTGGATC	TAGGGT
WT_FullSeq	+1	2544	0.001908	TGTACA	GTTGCACGATGGTACCGA	TTTAAT
WT_FullSeq	+1	4672	0.001931	ATGACT	CTGTAACTACTCGCCCAT	TGAACT
WT_FullSeq	+1	5168	0.002167	TTGAGG	AGAGACGAAGTCTCGTT	TAACTT
WT_FullSeq	+1	3710	0.002237	TAGCTT	TGCACGATGAGCGTCATC	TAAATT
WT_FullSeq	+1	803	0.002341	TTTGCC	CTTTGAGCCTACTATTG	CACGAT
WT_FullSeq	+1	1865	0.002378	TTGATG	CTGTCAGAACAGAAACG	TAAGGT
WT_FullSeq	+1	276	0.002496	TTGATG	GAGTATCGCAGTCTGAA	TAACAT
WT_FullSeq	+1	4780	0.002680	TTGCAC	GATGGGCACGGTGTGACC	TAGGAG
WT_FullSeq	+1	3238	0.002718	TTGAAT	AATTGTCGCAGCGCCCA	TTGAGT
WT_FullSeq	+1	3736	0.002735	TTGGCC	CATTGAAAGTGAAAGG	TGGATT
WT_FullSeq	+1	719	0.002749	ATGTGC	CCATTGACGCTCCACA	CATTAT
WT_FullSeq	+1	2152	0.002761	ATTAAT	CATGCCCATTGATCCAAC	TATGGT
WT_FullSeq	+1	2477	0.002962	TAGACT	AGGATTGCACGATGCA	TGCTAT
WT_FullSeq	+1	612	0.002995	TTGAAG	TCATGCCAAATGAAGCA	TAGTTT
WT_FullSeq	+1	322	0.003041	TTTAAA	ACGGCCCATTGACGTCCG	TGGAGT
WT_FullSeq	+1	1407	0.003138	TTTCAT	ACTTTTGCACGATGAACG	AAGGGT
WT_FullSeq	+1	3401	0.003174	TTGCAC	GATGATTAGCCACTAA	TATGCC
WT_FullSeq	+1	751	0.003176	TCTACT	CTTGCACGATGGGGCCGT	TTTAAT
WT_FullSeq	+1	2906	0.003288	TTGTGC	CATGTCCCTAAACTTG	CACGAT
WT_FullSeq	+1	556	0.003302	TTGATG	GCCAAATCAGGGAGTGC	TACGTT
WT_FullSeq	+1	2814	0.003302	TTGATG	CCTCGTCCTGAATGTGC	TACGTT
WT_FullSeq	+1	2303	0.003304	TTGCAC	TTTAGGGTTGCACGATG	GATGGT
WT_FullSeq	+1	4877	0.003436	TTTACA	TTCCTACAAATAAAATTG	CACGAT
WT_FullSeq	+1	1174	0.003549	TTTAGT	GTTGCACGATGGAGGC	TACTTA
WT_FullSeq	+1	4768	0.003551	TTGTGT	ACCGTTGCACGATGGG	CACGGT
WT_FullSeq	+1	1465	0.003601	ATCACT	AACTTTGCACGATGCAGT	TAATGT
WT_FullSeq	+1	3012	0.003629	TGCCCA	TTGACCACCAAAACCGCA	TATTAT
WT_FullSeq	+1	5036	0.003651	TTGATT	GACGGCCCATTGATCC	TGCATT
WT_FullSeq	+1	813	0.003706	GAGCCT	ACTATTGCACGATGCCG	TATGGT
WT_FullSeq	+1	2383	0.003743	GTGATC	GGTAAAGCCCATTGATA	TATGTT
WT_FullSeq	+1	4326	0.003755	TTTAAT	ACCAGCCCATTGACGA	TAAAGA
WT_FullSeq	+1	4813	0.003762	TTGATG	CGTAGACTGCGACATCC	TAATTT
WT_FullSeq	+1	3668	0.003849	TTTAAC	TAGAGAGGCCCATTGAA	TATTCC
WT_FullSeq	+1	696	0.004169	TTGCAC	GATGGTCGGGGGCTGA	TATGTG
WT_FullSeq	+1	3642	0.004264	TTGGCT	ACTGTTGCACGATGTGGC	TGGTTT
WT_FullSeq	+1	1205	0.004357	GTGCCC	ATTGACATATGGAGAG	TCTTCT
WT_FullSeq	+1	2034	0.004472	TAGCCC	ATTGAAGGTTCCAAAG	AAAAAT
WT_FullSeq	+1	810	0.004490	TTGAGC	CTACTATTGCACGATG	CCGTAT
WT_FullSeq	+1	5662	0.004557	TTGTAA	CGTTGCACGATGCTGT	TCGAAT
WT_FullSeq	+1	3218	0.004598	CATACC	ATTGCACGATGGACTTTG	AATAAT
WT_FullSeq	+1	5070	0.004711	TTGATT	AGAGTTGCACGATGAAT	CCGAAT
WT_FullSeq	+1	2413	0.004725	TAGCGC	GCGTACGGTTGCACGA	TGGGCT
WT_FullSeq	+1	5221	0.004734	CAGCCC	ATTGAGTAACTATCCACC	TAGAGT
WT_FullSeq	+1	4821	0.004763	TAGACT	GCGACATCCTAATTTTG	CACGAT
WT_FullSeq	+1	931	0.004785	GCGAGT	AGGGTTGCACGATGCTA	TATGCT
WT_FullSeq	+1	3057	0.004812	TTGGAT	CTAGGGTCCAGAGCCCA	TTGACT
WT_FullSeq	+1	4162	0.004841	TTGATG	AACCTATGACAGGTTAC	TAAGTT
WT_FullSeq	+1	982	0.004848	TGGACT	CTGTGATACCATTGCAC	GATGGT
WT_FullSeq	+1	4583	0.004870	TGGTCC	CGCTACCCTTGCACGA	TGGGAT
WT_FullSeq	+1	2359	0.004897	TAGCCC	TTATCTTTGCACGATG	TGTGAT
WT_FullSeq	+1	2266	0.005430	GTTACT	AAGCGGACAGCCGCCCAT	TGAACT
WT_FullSeq	+1	3610	0.005497	TTTCTA	ACAGCCCATTGATTGACA	TATACA
WT_FullSeq	+1	2980	0.005541	TCTACA	CTTGCACGATGTGTCTG	TATTAG
